titulo;preco;qtdVendida;linkVendedor;classificacaoVendedor;marca;sku;categoria;link
Memória Ram Fury Color Preto 16gb Ddr4 Hyperx Hx32c15pb3/16;360;Novo  |  +100 vendidos;https://perfil.mercadolivre.com.br/HYPERBRAZIL#origin=vip&component=sellerData&typeSeller=classic;MercadoLíder Platinum;HyperX;Hyperx;TESTE;https://produto.mercadolivre.com.br/MLB-3123938674-memoria-ram-fury-color-preto-16gb-ddr4-hyperx-hx32c15pb316-_JM#position=4&search_layout=grid&type=item&tracking_id=ec482443-c722-423c-b6d6-111838385f30
Memoria Ram Gamer Hyperx Ddr4 16gb 3200mhz Cl22 C/dissipador;279;Novo  |  +50 vendidos;https://lista.mercadolivre.com.br/_CustId_149041607?item_id=MLB2757903603&category_id=MLB1694&seller_id=149041607&client=recoview-selleritems&recos_listing=true#origin=vip&component=sellerData&typeSeller=classic;null;HyperX;HX432C16FB3/16;TESTE;https://produto.mercadolivre.com.br/MLB-2757903603-memoria-ram-gamer-hyperx-ddr4-16gb-3200mhz-cl22-cdissipador-_JM#position=5&search_layout=grid&type=item&tracking_id=ec482443-c722-423c-b6d6-111838385f30
Memória Kingston Fury Beast, 16gb, 3600mhz, Ddr4 Com Nf;343;Novo  |  +1000 vendidos;https://lista.mercadolivre.com.br/_CustId_22274027?item_id=MLB3490892803&category_id=MLB1694&seller_id=22274027&client=recoview-selleritems&recos_listing=true#origin=pdp&component=sellerData&typeSeller=classic;null;HyperX;Hyperx;TESTE;https://www.mercadolivre.com.br/memoria-kingston-fury-beast-16gb-3600mhz-ddr4-com-nf/p/MLB20678597?pdp_filters=category:MLB1694#searchVariation=MLB20678597&position=2&search_layout=grid&type=product&tracking_id=ec482443-c722-423c-b6d6-111838385f30
Memória Ram Hyperx Fury De 8gb Ddr4 3000mhz;395;Novo  |  3 vendidos;https://lista.mercadolivre.com.br/_CustId_771636092?item_id=MLB2021337964&category_id=MLB1694&seller_id=771636092&client=recoview-selleritems&recos_listing=true#origin=vip&component=sellerData&typeSeller=classic;MercadoLíder;HyperX;HX430C15FB3/8;TESTE;https://produto.mercadolivre.com.br/MLB-2021337964-memoria-ram-hyperx-fury-de-8gb-ddr4-3000mhz-_JM#position=6&search_layout=grid&type=item&tracking_id=ec482443-c722-423c-b6d6-111838385f30
Memória Para Desktop 16gb 3600mhz Ddr4 Kingston Fury Beast;348;Novo  |  +5 vendidos;https://lista.mercadolivre.com.br/_CustId_205167146?item_id=MLB3217748575&category_id=MLB1694&seller_id=205167146&client=recoview-selleritems&recos_listing=true#origin=vip&component=sellerData&typeSeller=classic;MercadoLíder;HyperX;Hyperx;TESTE;https://produto.mercadolivre.com.br/MLB-3217748575-memoria-para-desktop-16gb-3600mhz-ddr4-kingston-fury-beast-_JM#position=7&search_layout=grid&type=item&tracking_id=ec482443-c722-423c-b6d6-111838385f30
Memoria Pc Ddr4 16gb 3600 Kf436c18bb/16 Fury Beast Kingston;343;Novo  |  +5 vendidos;https://lista.mercadolivre.com.br/_CustId_124108364?item_id=MLB3206560127&category_id=MLB1694&seller_id=124108364&client=recoview-selleritems&recos_listing=true#origin=vip&component=sellerData&typeSeller=classic;MercadoLíder Gold;HyperX;Hyperx;TESTE;https://produto.mercadolivre.com.br/MLB-3206560127-memoria-pc-ddr4-16gb-3600-kf436c18bb16-fury-beast-kingston-_JM#position=8&search_layout=grid&type=item&tracking_id=ec482443-c722-423c-b6d6-111838385f30
Memoria Pc Ddr4 16gb 3600 Fury Beast Kingston Kf436c18bb/16;365;Novo  |  +5 vendidos;https://lista.mercadolivre.com.br/_CustId_124108364?item_id=MLB3206546277&category_id=MLB1694&seller_id=124108364&client=recoview-selleritems&recos_listing=true#origin=vip&component=sellerData&typeSeller=classic;MercadoLíder Gold;HyperX;Hyperx;TESTE;https://produto.mercadolivre.com.br/MLB-3206546277-memoria-pc-ddr4-16gb-3600-fury-beast-kingston-kf436c18bb16-_JM#position=9&search_layout=grid&type=item&tracking_id=ec482443-c722-423c-b6d6-111838385f30
Memoria Ram Ddr4 16gb 3600 Pc Beast Kingston Kf436c18bb/16;365;Novo  |  1 vendido;https://lista.mercadolivre.com.br/_CustId_124108364?item_id=MLB3206559139&category_id=MLB1694&seller_id=124108364&client=recoview-selleritems&recos_listing=true#origin=vip&component=sellerData&typeSeller=classic;MercadoLíder Gold;HyperX;Hyperx;TESTE;https://produto.mercadolivre.com.br/MLB-3206559139-memoria-ram-ddr4-16gb-3600-pc-beast-kingston-kf436c18bb16-_JM#position=10&search_layout=grid&type=item&tracking_id=ec482443-c722-423c-b6d6-111838385f30
Memória Ram Fury Ddr4 Color Preto 16gb Hyperx Hx426c16fb3/16;427;Novo  |  +5 vendidos;https://www.mercadolivre.com.br/pagina/cubmkt3391?item_id=MLB2638529634&category_id=MLB1694&seller_id=48085049&client=recoview-selleritems&recos_listing=true#origin=vip&component=sellerData&typeSeller=eshop;MercadoLíder Platinum;HyperX;HX426C16FB3/16;TESTE;https://produto.mercadolivre.com.br/MLB-2638529634-memoria-ram-fury-ddr4-color-preto-16gb-hyperx-hx426c16fb316-_JM#position=11&search_layout=grid&type=item&tracking_id=ec482443-c722-423c-b6d6-111838385f30
Memória Ram Fury Ddr4 Preto 8gb 1 Hyperx Hx426c16fb2/8;199;Novo  |  +5 vendidos;https://lista.mercadolivre.com.br/_CustId_372761976?item_id=MLB3327912839&category_id=MLB1694&seller_id=372761976&client=recoview-selleritems&recos_listing=true#origin=vip&component=sellerData&typeSeller=classic;null;HyperX;HX426C16FB2/8;TESTE;https://produto.mercadolivre.com.br/MLB-3327912839-memoria-ram-fury-ddr4-preto-8gb-1-hyperx-hx426c16fb28-_JM#position=12&search_layout=grid&type=item&tracking_id=ec482443-c722-423c-b6d6-111838385f30
Memória RAM Gamer color preto 16GB DDR4 HyperX KF436C18BBA/16;699;Novo  |  +100 vendidos;https://lista.mercadolivre.com.br/_CustId_192568143?item_id=MLB4057835790&category_id=MLB1694&seller_id=192568143&client=recoview-selleritems&recos_listing=true#origin=pdp&component=sellerData&typeSeller=classic;MercadoLíder Platinum;HyperX;KF436C18BBA/16;TESTE;https://www.mercadolivre.com.br/memoria-ram-gamer-color-preto-16gb-ddr4-hyperx-kf436c18bba16/p/MLB26665385?pdp_filters=category:MLB1694#searchVariation=MLB26665385&position=3&search_layout=grid&type=product&tracking_id=ec482443-c722-423c-b6d6-111838385f30
Memória Para Desktop 32gb Ddr4 Kingston Fury Beast;569;Novo  |  +5 vendidos;https://www.mercadolivre.com.br/pagina/mundocomputadores6052?item_id=MLB3330732529&category_id=MLB1694&seller_id=234251024&client=recoview-selleritems&recos_listing=true#origin=vip&component=sellerData&typeSeller=eshop;null;HyperX;KF426C16BB/32;TESTE;https://produto.mercadolivre.com.br/MLB-3330732529-memoria-para-desktop-32gb-ddr4-kingston-fury-beast-_JM#position=13&search_layout=grid&type=item&tracking_id=ec482443-c722-423c-b6d6-111838385f30
Memoria Kingston Hyper-x Fury Black 8gb Ddr4 Hx436c17fb3/8;299;Novo;https://www.mercadolivre.com.br/pagina/walcompdistribuidoraltd1102?item_id=MLB3440945202&category_id=MLB1694&seller_id=575477724&client=recoview-selleritems&recos_listing=true#origin=vip&component=sellerData&typeSeller=eshop;null;HyperX;HX436C17FB3/8;TESTE;https://produto.mercadolivre.com.br/MLB-3440945202-memoria-kingston-hyper-x-fury-black-8gb-ddr4-hx436c17fb38-_JM#position=14&search_layout=grid&type=item&tracking_id=ec482443-c722-423c-b6d6-111838385f30
Memória Ram Fury Original Kingston Ddr3 Color Azul 4gb;136;Novo;https://lista.mercadolivre.com.br/_CustId_81040074?item_id=MLB3143100306&category_id=MLB1694&seller_id=81040074&client=recoview-selleritems&recos_listing=true#origin=vip&component=sellerData&typeSeller=classic;null;HyperX;Hyperx;TESTE;https://produto.mercadolivre.com.br/MLB-3143100306-memoria-ram-fury-original-kingston-ddr3-color-azul-4gb-_JM#position=15&search_layout=grid&type=item&tracking_id=ec482443-c722-423c-b6d6-111838385f30
Memória Ram Kingston Hyperx 8gb 2666mhz Ddr4 - Hx426c16fb3-8;503;Novo;https://lista.mercadolivre.com.br/_CustId_432570267?item_id=MLB2046398586&category_id=MLB1694&seller_id=432570267&client=recoview-selleritems&recos_listing=true#origin=vip&component=sellerData&typeSeller=classic;MercadoLíder;HyperX;HX426C16FB3/8;TESTE;https://produto.mercadolivre.com.br/MLB-2046398586-memoria-ram-kingston-hyperx-8gb-2666mhz-ddr4-hx426c16fb3-8-_JM#position=16&search_layout=grid&type=item&tracking_id=ec482443-c722-423c-b6d6-111838385f30
Memória Hyperx Fury 4gb 2666mhz Ddr4 Cl16 Hx426c16fb3/4;296;Novo;https://lista.mercadolivre.com.br/_CustId_705327117?item_id=MLB2656331071&category_id=MLB1694&seller_id=705327117&client=recoview-selleritems&recos_listing=true#origin=vip&component=sellerData&typeSeller=classic;null;HyperX;HX426C16FB3/4;TESTE;https://produto.mercadolivre.com.br/MLB-2656331071-memoria-hyperx-fury-4gb-2666mhz-ddr4-cl16-hx426c16fb34-_JM#position=17&search_layout=grid&type=item&tracking_id=ec482443-c722-423c-b6d6-111838385f30
Memória 32gb Ddr4 3200mh Notebook Kingston Fury Impact;1.029;Novo  |  3 vendidos;https://lista.mercadolivre.com.br/_CustId_244225866?item_id=MLB2635034657&category_id=MLB1694&seller_id=244225866&client=recoview-selleritems&recos_listing=true#origin=vip&component=sellerData&typeSeller=classic;null;HyperX;HX426C16FB3/32;TESTE;https://produto.mercadolivre.com.br/MLB-2635034657-memoria-32gb-ddr4-3200mh-notebook-kingston-fury-impact-_JM#position=18&search_layout=grid&type=item&tracking_id=ec482443-c722-423c-b6d6-111838385f30
Memória 8gb Note Hyperx Kingston Ddr4 2666 Hx426s15ib2/8;266;Novo  |  1 vendido;https://loja.mercadolivre.com.br/olist?item_id=MLB2757374109&category_id=MLB1694&official_store_id=866&client=recoview-selleritems&recos_listing=true#origin=vip&component=sellerData&typeSeller=official_store;null;HyperX;HX426S15IB2/8;TESTE;https://produto.mercadolivre.com.br/MLB-2757374109-memoria-8gb-note-hyperx-kingston-ddr4-2666-hx426s15ib28-_JM#position=19&search_layout=grid&type=item&tracking_id=ec482443-c722-423c-b6d6-111838385f30
Memória Ram Fury Ddr4 Color Preto 8gb 1 Hyperx Hx426c16fb2/;199;Novo;https://www.mercadolivre.com.br/pagina/flashcompany?item_id=MLB2183139076&category_id=MLB1694&seller_id=441265874&client=recoview-selleritems&recos_listing=true#origin=vip&component=sellerData&typeSeller=eshop;null;HyperX;HX426C16FB2/8;TESTE;https://produto.mercadolivre.com.br/MLB-2183139076-memoria-ram-fury-ddr4-color-preto-8gb-1-hyperx-hx426c16fb2-_JM#position=20&search_layout=grid&type=item&tracking_id=ec482443-c722-423c-b6d6-111838385f30
Memória Para Pc 32gb 2666mhz Ddr4 Kingston Hyperx Beast C/nf;635;Novo  |  +5 vendidos;https://lista.mercadolivre.com.br/_CustId_544098795?item_id=MLB3251503603&category_id=MLB1694&seller_id=544098795&client=recoview-selleritems&recos_listing=true#origin=vip&component=sellerData&typeSeller=classic;null;HyperX;KF426C16BB/32;TESTE;https://produto.mercadolivre.com.br/MLB-3251503603-memoria-para-pc-32gb-2666mhz-ddr4-kingston-hyperx-beast-cnf-_JM#position=21&search_layout=grid&type=item&tracking_id=ec482443-c722-423c-b6d6-111838385f30
Mem Kingston Hyperx Fury 4gb 2666mhz Ddr4 Hx426c16fb3/4;279;Novo  |  +5 vendidos;https://lista.mercadolivre.com.br/_CustId_344542345?item_id=MLB1694854580&category_id=MLB1694&seller_id=344542345&client=recoview-selleritems&recos_listing=true#origin=vip&component=sellerData&typeSeller=classic;null;HyperX;HX426C16FB3/4;TESTE;https://produto.mercadolivre.com.br/MLB-1694854580-mem-kingston-hyperx-fury-4gb-2666mhz-ddr4-hx426c16fb34-_JM#position=22&search_layout=grid&type=item&tracking_id=ec482443-c722-423c-b6d6-111838385f30
Memória Ram Fury Ddr4 Color Preto 8gb 1 Hyperx Hx426c16fb3/8;384;Novo;https://lista.mercadolivre.com.br/_CustId_344542345?item_id=MLB2201870867&category_id=MLB1694&seller_id=344542345&client=recoview-selleritems&recos_listing=true#origin=vip&component=sellerData&typeSeller=classic;null;HyperX;HX426C16FB3/8;TESTE;https://produto.mercadolivre.com.br/MLB-2201870867-memoria-ram-fury-ddr4-color-preto-8gb-1-hyperx-hx426c16fb38-_JM#position=23&search_layout=grid&type=item&tracking_id=ec482443-c722-423c-b6d6-111838385f30
Memória Para Desktop 32gb 2666mhz Ddr4 Kingston Hyperx Beast;550;Novo  |  3 vendidos;https://lista.mercadolivre.com.br/_CustId_205167146?item_id=MLB2007602569&category_id=MLB1694&seller_id=205167146&client=recoview-selleritems&recos_listing=true#origin=vip&component=sellerData&typeSeller=classic;MercadoLíder;HyperX;KF426C16BB/32;TESTE;https://produto.mercadolivre.com.br/MLB-2007602569-memoria-para-desktop-32gb-2666mhz-ddr4-kingston-hyperx-beast-_JM#position=24&search_layout=grid&type=item&tracking_id=ec482443-c722-423c-b6d6-111838385f30
Memoria Ram Pc Ddr4 16gb 3600 Kf436c18bb/16 Fury Kingston;343;Novo;https://lista.mercadolivre.com.br/_CustId_124108364?item_id=MLB3206570908&category_id=MLB1694&seller_id=124108364&client=recoview-selleritems&recos_listing=true#origin=vip&component=sellerData&typeSeller=classic;MercadoLíder Gold;HyperX;Hyperx;TESTE;https://produto.mercadolivre.com.br/MLB-3206570908-memoria-ram-pc-ddr4-16gb-3600-kf436c18bb16-fury-kingston-_JM#position=25&search_layout=grid&type=item&tracking_id=ec482443-c722-423c-b6d6-111838385f30
Memoria Ddr4 4gb 2400 Mhz Hyperx Fury Original Hx424c15fb3/4;227;Novo;https://lista.mercadolivre.com.br/_CustId_344542345?item_id=MLB2737315572&category_id=MLB1694&seller_id=344542345&client=recoview-selleritems&recos_listing=true#origin=vip&component=sellerData&typeSeller=classic;null;HyperX;HX424C15FB3/4;TESTE;https://produto.mercadolivre.com.br/MLB-2737315572-memoria-ddr4-4gb-2400-mhz-hyperx-fury-original-hx424c15fb34-_JM#position=26&search_layout=grid&type=item&tracking_id=ec482443-c722-423c-b6d6-111838385f30
Memória 8gb Note Hyperx Kingston Ddr4 2666 Hx426s15ib2/8;265;Novo;https://loja.mercadolivre.com.br/olist?item_id=MLB2757276498&category_id=MLB1694&official_store_id=866&client=recoview-selleritems&recos_listing=true#origin=vip&component=sellerData&typeSeller=official_store;null;HyperX;HX426S15IB2/8;TESTE;https://produto.mercadolivre.com.br/MLB-2757276498-memoria-8gb-note-hyperx-kingston-ddr4-2666-hx426s15ib28-_JM#position=27&search_layout=grid&type=item&tracking_id=ec482443-c722-423c-b6d6-111838385f30
Memória Ram Desktop 8gb 3200mhz Ddr4 Kingston Hyperx Fury;277;Novo  |  +1000 vendidos;https://loja.mercadolivre.com.br/olist?item_id=MLB3860928770&category_id=MLB1694&official_store_id=866&client=recoview-selleritems&recos_listing=true#origin=pdp&component=sellerData&typeSeller=official_store;null;HyperX;Fury-DDR4-3200;TESTE;https://www.mercadolivre.com.br/memoria-ram-desktop-8gb-3200mhz-ddr4-kingston-hyperx-fury/p/MLB24727916?pdp_filters=category:MLB1694#searchVariation=MLB24727916&position=1&search_layout=grid&type=product&tracking_id=ec482443-c722-423c-b6d6-111838385f30
Memória Hyperx Fury De 8gb Dimm Ddr4 2666mhz 1,2v Desktop;475;Novo;https://loja.mercadolivre.com.br/olist?item_id=MLB2771947668&category_id=MLB1694&official_store_id=866&client=recoview-selleritems&recos_listing=true#origin=vip&component=sellerData&typeSeller=official_store;null;HyperX;Ram;TESTE;https://produto.mercadolivre.com.br/MLB-2771947668-memoria-hyperx-fury-de-8gb-dimm-ddr4-2666mhz-12v-desktop-_JM#position=28&search_layout=grid&type=item&tracking_id=ec482443-c722-423c-b6d6-111838385f30
Memória Kingston Hyperx Fury 8gb 2400mhz Ddr4 Cl15 Black;266;Novo;https://loja.mercadolivre.com.br/olist?item_id=MLB2757367934&category_id=MLB1694&official_store_id=866&client=recoview-selleritems&recos_listing=true#origin=vip&component=sellerData&typeSeller=official_store;null;HyperX;HX432C16FB3/32;TESTE;https://produto.mercadolivre.com.br/MLB-2757367934-memoria-kingston-hyperx-fury-8gb-2400mhz-ddr4-cl15-black-_JM#position=29&search_layout=grid&type=item&tracking_id=ec482443-c722-423c-b6d6-111838385f30
Memoria Ddr4 4gb 2400 Mhz Hyperx Original Fury Hx424c15fb3/4;227;Novo;https://lista.mercadolivre.com.br/_CustId_344542345?item_id=MLB2737286829&category_id=MLB1694&seller_id=344542345&client=recoview-selleritems&recos_listing=true#origin=vip&component=sellerData&typeSeller=classic;null;HyperX;HX424C15FB3/4;TESTE;https://produto.mercadolivre.com.br/MLB-2737286829-memoria-ddr4-4gb-2400-mhz-hyperx-original-fury-hx424c15fb34-_JM#position=30&search_layout=grid&type=item&tracking_id=ec482443-c722-423c-b6d6-111838385f30
Memoria Ram 8gb 2133mhz Ddr4 Gamer Fury Hyperx Pc Preta;149;Novo;https://lista.mercadolivre.com.br/_CustId_637666337?item_id=MLB4587474368&category_id=MLB1694&seller_id=637666337&client=recoview-selleritems&recos_listing=true#origin=vip&component=sellerData&typeSeller=classic;null;HyperX;FURY8PC2133;TESTE;https://produto.mercadolivre.com.br/MLB-4587474368-memoria-ram-8gb-2133mhz-ddr4-gamer-fury-hyperx-pc-preta-_JM#position=31&search_layout=grid&type=item&tracking_id=ec482443-c722-423c-b6d6-111838385f30
Memória Ram Fury Ddr4 Color Preto 8gb 1 Hyperx Hx426c16fb3/8;268;Novo;https://lista.mercadolivre.com.br/_CustId_344799269?item_id=MLB2026571845&category_id=MLB1694&seller_id=344799269&client=recoview-selleritems&recos_listing=true#origin=vip&component=sellerData&typeSeller=classic;null;HyperX;HX426C16FB3/8;TESTE;https://produto.mercadolivre.com.br/MLB-2026571845-memoria-ram-fury-ddr4-color-preto-8gb-1-hyperx-hx426c16fb38-_JM#position=32&search_layout=grid&type=item&tracking_id=ec482443-c722-423c-b6d6-111838385f30
Memória Ram Fury Ddr4 4gb Hyperx Hx424c15fb/4;220;Novo  |  +5 vendidos;https://lista.mercadolivre.com.br/_CustId_287352943?item_id=MLB2153834444&category_id=MLB1694&seller_id=287352943&client=recoview-selleritems&recos_listing=true#origin=vip&component=sellerData&typeSeller=classic;null;HyperX;HX424C15FB/4;TESTE;https://produto.mercadolivre.com.br/MLB-2153834444-memoria-ram-fury-ddr4-4gb-hyperx-hx424c15fb4-_JM#position=33&search_layout=grid&type=item&tracking_id=ec482443-c722-423c-b6d6-111838385f30
Memoria Ddr4 4gb 2666 Hx426c16fb3/4 Mhz Original Hyperx;214;Novo  |  1 vendido;https://lista.mercadolivre.com.br/_CustId_344799269?item_id=MLB2020238082&category_id=MLB1694&seller_id=344799269&client=recoview-selleritems&recos_listing=true#origin=vip&component=sellerData&typeSeller=classic;null;HyperX;HX426C16FB3/4;TESTE;https://produto.mercadolivre.com.br/MLB-2020238082-memoria-ddr4-4gb-2666-hx426c16fb34-mhz-original-hyperx-_JM#position=34&search_layout=grid&type=item&tracking_id=ec482443-c722-423c-b6d6-111838385f30
Memória Kingston Hyperx Fury 8gb 2400mhz Ddr4 Cl15 Black;265;Novo;https://loja.mercadolivre.com.br/olist?item_id=MLB3293390979&category_id=MLB1694&official_store_id=866&client=recoview-selleritems&recos_listing=true#origin=vip&component=sellerData&typeSeller=official_store;null;HyperX;HX432C16FB3/32;TESTE;https://produto.mercadolivre.com.br/MLB-3293390979-memoria-kingston-hyperx-fury-8gb-2400mhz-ddr4-cl15-black-_JM#position=35&search_layout=grid&type=item&tracking_id=ec482443-c722-423c-b6d6-111838385f30
Memoria Ram Ddr4 16gb 3600 Pc Beast Kingston Kf436c18bb/16;365;Novo;https://lista.mercadolivre.com.br/_CustId_22274027?item_id=MLB4151829348&category_id=MLB1694&seller_id=22274027&client=recoview-selleritems&recos_listing=true#origin=vip&component=sellerData&typeSeller=classic;null;HyperX;Hyperx;TESTE;https://produto.mercadolivre.com.br/MLB-4151829348-memoria-ram-ddr4-16gb-3600-pc-beast-kingston-kf436c18bb16-_JM#position=36&search_layout=grid&type=item&tracking_id=ec482443-c722-423c-b6d6-111838385f30
Memória Hyperx Fury De 8gb Dimm Ddr4 2666mhz 1,2v Desktop;485;Novo;https://loja.mercadolivre.com.br/olist?item_id=MLB2771909442&category_id=MLB1694&official_store_id=866&client=recoview-selleritems&recos_listing=true#origin=vip&component=sellerData&typeSeller=official_store;null;HyperX;Ram;TESTE;https://produto.mercadolivre.com.br/MLB-2771909442-memoria-hyperx-fury-de-8gb-dimm-ddr4-2666mhz-12v-desktop-_JM#position=37&search_layout=grid&type=item&tracking_id=ec482443-c722-423c-b6d6-111838385f30
Memória Ram Ddr4 4gb 2666mhz Fury Hx426c16fb3/4 Original;193;Novo;https://lista.mercadolivre.com.br/_CustId_1049173759?item_id=MLB3227367221&category_id=MLB1694&seller_id=1049173759&client=recoview-selleritems&recos_listing=true#origin=vip&component=sellerData&typeSeller=classic;null;HyperX;HX426C16FB3/4;TESTE;https://produto.mercadolivre.com.br/MLB-3227367221-memoria-ram-ddr4-4gb-2666mhz-fury-hx426c16fb34-original-_JM#position=38&search_layout=grid&type=item&tracking_id=ec482443-c722-423c-b6d6-111838385f30
Memória Hyperx Fury 8gb 2666mhz Ddr4 Black Hx426c16fb3/8;476;Novo;https://loja.mercadolivre.com.br/olist?item_id=MLB2791538219&category_id=MLB1694&official_store_id=866&client=recoview-selleritems&recos_listing=true#origin=vip&component=sellerData&typeSeller=official_store;null;HyperX;Ddr4;TESTE;https://produto.mercadolivre.com.br/MLB-2791538219-memoria-hyperx-fury-8gb-2666mhz-ddr4-black-hx426c16fb38-_JM#position=39&search_layout=grid&type=item&tracking_id=ec482443-c722-423c-b6d6-111838385f30
Memória Hyperx Fury De 8gb Dimm Ddr4 2666mhz 1,2v Desktop;476;Novo  |  1 vendido;https://loja.mercadolivre.com.br/olist?item_id=MLB3309347816&category_id=MLB1694&official_store_id=866&client=recoview-selleritems&recos_listing=true#origin=vip&component=sellerData&typeSeller=official_store;null;HyperX;Ram;TESTE;https://produto.mercadolivre.com.br/MLB-3309347816-memoria-hyperx-fury-de-8gb-dimm-ddr4-2666mhz-12v-desktop-_JM#position=40&search_layout=grid&type=item&tracking_id=ec482443-c722-423c-b6d6-111838385f30
Memória Ram Fury Ddr4 Color Preto 8gb 1 Hyperx Hx426c16fb3/8;269;Novo;https://lista.mercadolivre.com.br/_CustId_1101790404?item_id=MLB2669929739&category_id=MLB1694&seller_id=1101790404&client=recoview-selleritems&recos_listing=true#origin=vip&component=sellerData&typeSeller=classic;null;HyperX;HX426C16FB3/8;TESTE;https://produto.mercadolivre.com.br/MLB-2669929739-memoria-ram-fury-ddr4-color-preto-8gb-1-hyperx-hx426c16fb38-_JM#position=41&search_layout=grid&type=item&tracking_id=ec482443-c722-423c-b6d6-111838385f30
Memoria Ram Gamer P/ Notebook 16gb 2133mhz Cl13 1,2v Hyperx;279;Novo  |  +50 vendidos;https://lista.mercadolivre.com.br/_CustId_149041607?item_id=MLB3095587877&category_id=MLB1694&seller_id=149041607&client=recoview-selleritems&recos_listing=true#origin=vip&component=sellerData&typeSeller=classic;null;HyperX;Hyperx;TESTE;https://produto.mercadolivre.com.br/MLB-3095587877-memoria-ram-gamer-p-notebook-16gb-2133mhz-cl13-12v-hyperx-_JM#position=42&search_layout=grid&type=item&tracking_id=ec482443-c722-423c-b6d6-111838385f30
Memoria Ram Para Notebook 16gb 2133mhz Hyperx Envio Imediato;259;Novo  |  +5 vendidos;https://lista.mercadolivre.com.br/_CustId_381628995?item_id=MLB4326371468&category_id=MLB1694&seller_id=381628995&client=recoview-selleritems&recos_listing=true#origin=vip&component=sellerData&typeSeller=classic;null;HyperX;Hyperx;TESTE;https://produto.mercadolivre.com.br/MLB-4326371468-memoria-ram-para-notebook-16gb-2133mhz-hyperx-envio-imediato-_JM#position=43&search_layout=grid&type=item&tracking_id=ec482443-c722-423c-b6d6-111838385f30
Memória Ram Notebook Ou Mac Ddr4 8gb 2666mhz Hyperx Impact;159;Novo  |  +5 vendidos;https://lista.mercadolivre.com.br/_CustId_149041607?item_id=MLB3295546301&category_id=MLB1694&seller_id=149041607&client=recoview-selleritems&recos_listing=true#origin=vip&component=sellerData&typeSeller=classic;null;HyperX;HX426S15IB2/8;TESTE;https://produto.mercadolivre.com.br/MLB-3295546301-memoria-ram-notebook-ou-mac-ddr4-8gb-2666mhz-hyperx-impact-_JM#position=44&search_layout=grid&type=item&tracking_id=ec482443-c722-423c-b6d6-111838385f30
Memória Kingston Fury Beast 32gb Ddr4 Kf426c16bb/32 2666mhz;585;Novo  |  4 vendidos;https://lista.mercadolivre.com.br/_CustId_217193535?item_id=MLB2006356933&category_id=MLB1694&seller_id=217193535&client=recoview-selleritems&recos_listing=true#origin=vip&component=sellerData&typeSeller=classic;MercadoLíder;HyperX;HX426C16FB3/32;TESTE;https://produto.mercadolivre.com.br/MLB-2006356933-memoria-kingston-fury-beast-32gb-ddr4-kf426c16bb32-2666mhz-_JM#position=45&search_layout=grid&type=item&tracking_id=ec482443-c722-423c-b6d6-111838385f30
Memória Kingston Hyperx Fury 8gb 2400mhz Ddr4 Cl15 Black;242;Novo;https://loja.mercadolivre.com.br/olist?item_id=MLB2634912060&category_id=MLB1694&official_store_id=866&client=recoview-selleritems&recos_listing=true#origin=vip&component=sellerData&typeSeller=official_store;null;HyperX;HX426C16FB2/8;TESTE;https://produto.mercadolivre.com.br/MLB-2634912060-memoria-kingston-hyperx-fury-8gb-2400mhz-ddr4-cl15-black-_JM#position=46&search_layout=grid&type=item&tracking_id=ec482443-c722-423c-b6d6-111838385f30
Dissipador Memoria Ram Ddr2 Ddr3 Ddr4 Fury Hyper;23;Novo  |  +5 vendidos;https://lista.mercadolivre.com.br/_CustId_734601368?item_id=MLB3151374080&category_id=MLB1694&seller_id=734601368&client=recoview-selleritems&recos_listing=true#origin=vip&component=sellerData&typeSeller=classic;MercadoLíder Platinum;HyperX;Hyperx;TESTE;https://produto.mercadolivre.com.br/MLB-3151374080-dissipador-memoria-ram-ddr2-ddr3-ddr4-fury-hyper-_JM#position=47&search_layout=grid&type=item&tracking_id=ec482443-c722-423c-b6d6-111838385f30
Memória Kingston Fury Beast, 16gb, 3600mhz, Ddr4 Com Nf;404;Novo;https://lista.mercadolivre.com.br/_CustId_544098795?item_id=MLB3381766899&category_id=MLB1694&seller_id=544098795&client=recoview-selleritems&recos_listing=true#origin=vip&component=sellerData&typeSeller=classic;null;HyperX;Hyperx;TESTE;https://produto.mercadolivre.com.br/MLB-3381766899-memoria-kingston-fury-beast-16gb-3600mhz-ddr4-com-nf-_JM#position=48&search_layout=grid&type=item&tracking_id=ec482443-c722-423c-b6d6-111838385f30
Memória Hyperx Fury 4gb 2666mhz Ddr4 Cl16 Hx426c16fb3/4;315;Novo;https://lista.mercadolivre.com.br/_CustId_705327117?item_id=MLB2656324806&category_id=MLB1694&seller_id=705327117&client=recoview-selleritems&recos_listing=true#origin=vip&component=sellerData&typeSeller=classic;null;HyperX;HX426C16FB3/4;TESTE;https://produto.mercadolivre.com.br/MLB-2656324806-memoria-hyperx-fury-4gb-2666mhz-ddr4-cl16-hx426c16fb34-_JM#position=1&search_layout=grid&type=item&tracking_id=5ab0bb04-8604-4d4f-bd64-ae6ebca1fd06
Memória Para Desktop 32gb Ddr4 Kingston Fury Beast;589;Novo;https://lista.mercadolivre.com.br/_CustId_234251024?item_id=MLB3674354940&category_id=MLB1694&seller_id=234251024&client=recoview-selleritems&recos_listing=true#origin=vip&component=sellerData&typeSeller=classic;null;HyperX;KF426C16BB/32;TESTE;https://produto.mercadolivre.com.br/MLB-3674354940-memoria-para-desktop-32gb-ddr4-kingston-fury-beast-_JM#position=2&search_layout=grid&type=item&tracking_id=5ab0bb04-8604-4d4f-bd64-ae6ebca1fd06
Memória Kingston Fury Beast 32gb Ddr4 2666mhz Kf426c16bb/32;560;Novo;https://lista.mercadolivre.com.br/_CustId_60371835?item_id=MLB2006310024&category_id=MLB1694&seller_id=60371835&client=recoview-selleritems&recos_listing=true#origin=vip&component=sellerData&typeSeller=classic;MercadoLíder Gold;HyperX;HX426C16FB3/32;TESTE;https://produto.mercadolivre.com.br/MLB-2006310024-memoria-kingston-fury-beast-32gb-ddr4-2666mhz-kf426c16bb32-_JM#position=3&search_layout=grid&type=item&tracking_id=5ab0bb04-8604-4d4f-bd64-ae6ebca1fd06
Memória Kingston Hyperx Fury 8gb Ddr4-2400 Cl15;242;Novo;https://loja.mercadolivre.com.br/olist?item_id=MLB4598732414&category_id=MLB1694&official_store_id=866&client=recoview-selleritems&recos_listing=true#origin=vip&component=sellerData&typeSeller=official_store;null;HyperX;HX432C16FB3/32;TESTE;https://produto.mercadolivre.com.br/MLB-4598732414-memoria-kingston-hyperx-fury-8gb-ddr4-2400-cl15-_JM#position=4&search_layout=grid&type=item&tracking_id=5ab0bb04-8604-4d4f-bd64-ae6ebca1fd06
Memória Kingston Fury Beast, 16gb, 3600mhz, Ddr4 Com Nf;404;Novo;https://lista.mercadolivre.com.br/_CustId_544098795?item_id=MLB3381766899&category_id=MLB1694&seller_id=544098795&client=recoview-selleritems&recos_listing=true#origin=vip&component=sellerData&typeSeller=classic;null;HyperX;Hyperx;TESTE;https://produto.mercadolivre.com.br/MLB-3381766899-memoria-kingston-fury-beast-16gb-3600mhz-ddr4-com-nf-_JM#position=5&search_layout=grid&type=item&tracking_id=5ab0bb04-8604-4d4f-bd64-ae6ebca1fd06
Memória Ram Fury Ddr4 Color Preto 8gb 1 Hyperx Hx426c16fb3/8;357;Novo;https://lista.mercadolivre.com.br/_CustId_344542345?item_id=MLB2201877036&category_id=MLB1694&seller_id=344542345&client=recoview-selleritems&recos_listing=true#origin=vip&component=sellerData&typeSeller=classic;null;HyperX;HX426C16FB3/8;TESTE;https://produto.mercadolivre.com.br/MLB-2201877036-memoria-ram-fury-ddr4-color-preto-8gb-1-hyperx-hx426c16fb38-_JM#position=6&search_layout=grid&type=item&tracking_id=5ab0bb04-8604-4d4f-bd64-ae6ebca1fd06
Memória Kingston Fury Beast 32gb Kf426c16bb/32 2666mhz Ddr4;560;Novo;https://lista.mercadolivre.com.br/_CustId_60371835?item_id=MLB2006327542&category_id=MLB1694&seller_id=60371835&client=recoview-selleritems&recos_listing=true#origin=vip&component=sellerData&typeSeller=classic;MercadoLíder Gold;HyperX;HX426C16FB3/32;TESTE;https://produto.mercadolivre.com.br/MLB-2006327542-memoria-kingston-fury-beast-32gb-kf426c16bb32-2666mhz-ddr4-_JM#position=7&search_layout=grid&type=item&tracking_id=5ab0bb04-8604-4d4f-bd64-ae6ebca1fd06
Memória Kingston Fury Beast, 16gb, 3600mhz, Ddr4 Com Nf;373;Novo;https://lista.mercadolivre.com.br/_CustId_544098795?item_id=MLB3813187780&category_id=MLB1694&seller_id=544098795&client=recoview-selleritems&recos_listing=true#origin=vip&component=sellerData&typeSeller=classic;null;HyperX;Hyperx;TESTE;https://produto.mercadolivre.com.br/MLB-3813187780-memoria-kingston-fury-beast-16gb-3600mhz-ddr4-com-nf-_JM#position=8&search_layout=grid&type=item&tracking_id=5ab0bb04-8604-4d4f-bd64-ae6ebca1fd06
Memória Ram Fury Ddr4 Color Preto 8gb 1 Hyperx Hx426c16fb3/8;258;Novo;https://lista.mercadolivre.com.br/_CustId_344799269?item_id=MLB2026565504&category_id=MLB1694&seller_id=344799269&client=recoview-selleritems&recos_listing=true#origin=vip&component=sellerData&typeSeller=classic;null;HyperX;HX426C16FB3/8;TESTE;https://produto.mercadolivre.com.br/MLB-2026565504-memoria-ram-fury-ddr4-color-preto-8gb-1-hyperx-hx426c16fb38-_JM#position=9&search_layout=grid&type=item&tracking_id=5ab0bb04-8604-4d4f-bd64-ae6ebca1fd06
Memória Kingston Fury Beast 32gb Ddr4 2666mhz Kf426c16bb/32;585;Novo;https://lista.mercadolivre.com.br/_CustId_217193535?item_id=MLB2006361965&category_id=MLB1694&seller_id=217193535&client=recoview-selleritems&recos_listing=true#origin=vip&component=sellerData&typeSeller=classic;MercadoLíder;HyperX;HX426C16FB3/32;TESTE;https://produto.mercadolivre.com.br/MLB-2006361965-memoria-kingston-fury-beast-32gb-ddr4-2666mhz-kf426c16bb32-_JM#position=10&search_layout=grid&type=item&tracking_id=5ab0bb04-8604-4d4f-bd64-ae6ebca1fd06
Memória Ram Fury Ddr4 Color Preto 8gb 1 Hyperx Hx426c16fb3/8;258;Novo;https://lista.mercadolivre.com.br/_CustId_1101790404?item_id=MLB2669942640&category_id=MLB1694&seller_id=1101790404&client=recoview-selleritems&recos_listing=true#origin=vip&component=sellerData&typeSeller=classic;null;HyperX;HX426C16FB3/8;TESTE;https://produto.mercadolivre.com.br/MLB-2669942640-memoria-ram-fury-ddr4-color-preto-8gb-1-hyperx-hx426c16fb38-_JM#position=11&search_layout=grid&type=item&tracking_id=5ab0bb04-8604-4d4f-bd64-ae6ebca1fd06
Memória 32gb Ddr4 3200mh Notebook Kingston Fury Impact;999;Novo  |  1 vendido;https://lista.mercadolivre.com.br/_CustId_244225866?item_id=MLB2635002924&category_id=MLB1694&seller_id=244225866&client=recoview-selleritems&recos_listing=true#origin=vip&component=sellerData&typeSeller=classic;null;HyperX;HX426C16FB3/32;TESTE;https://produto.mercadolivre.com.br/MLB-2635002924-memoria-32gb-ddr4-3200mh-notebook-kingston-fury-impact-_JM#position=12&search_layout=grid&type=item&tracking_id=5ab0bb04-8604-4d4f-bd64-ae6ebca1fd06
Memoria De Computador;289;Usado  |  1 vendido;https://lista.mercadolivre.com.br/_CustId_70044554?item_id=MLB3576271925&category_id=MLB1694&seller_id=70044554&client=recoview-selleritems&recos_listing=true#origin=vip&component=sellerData&typeSeller=classic;null;HyperX;HX434C19FR2K2/16;TESTE;https://produto.mercadolivre.com.br/MLB-3576271925-memoria-de-computador-_JM#position=13&search_layout=grid&type=item&tracking_id=5ab0bb04-8604-4d4f-bd64-ae6ebca1fd06
Memória Ddr4 Hyperx Fury 04 Gb - Hx424c15fb/4 - Usada;169;Usado;https://lista.mercadolivre.com.br/_CustId_710849107?item_id=MLB2113899788&category_id=MLB1694&seller_id=710849107&client=recoview-selleritems&recos_listing=true#origin=vip&component=sellerData&typeSeller=classic;null;HyperX;HX424C15FB/4;TESTE;https://produto.mercadolivre.com.br/MLB-2113899788-memoria-ddr4-hyperx-fury-04-gb-hx424c15fb4-usada-_JM#position=14&search_layout=grid&type=item&tracking_id=5ab0bb04-8604-4d4f-bd64-ae6ebca1fd06
Kit Ddr4 16gb Ram Hyperx Ssd M2 Nvme 512gb Sexta Geração;1.200;Usado;https://lista.mercadolivre.com.br/_CustId_90472234?item_id=MLB1942144184&category_id=MLB1694&seller_id=90472234&client=recoview-selleritems&recos_listing=true#origin=vip&component=sellerData&typeSeller=classic;null;HyperX;HX424C15FB2/8;TESTE;https://produto.mercadolivre.com.br/MLB-1942144184-kit-ddr4-16gb-ram-hyperx-ssd-m2-nvme-512gb-sexta-geraco-_JM#position=15&search_layout=grid&type=item&tracking_id=5ab0bb04-8604-4d4f-bd64-ae6ebca1fd06
Memória 8gb Hyperx Fury 2400mhz Ddr4 Cl15 Hx424c15fb3/8;280;Usado;https://lista.mercadolivre.com.br/_CustId_85485538?item_id=MLB2792444801&category_id=MLB1694&seller_id=85485538&client=recoview-selleritems&recos_listing=true#origin=vip&component=sellerData&typeSeller=classic;null;HyperX;HX424C15FB3/8;TESTE;https://produto.mercadolivre.com.br/MLB-2792444801-memoria-8gb-hyperx-fury-2400mhz-ddr4-cl15-hx424c15fb38-_JM#position=16&search_layout=grid&type=item&tracking_id=5ab0bb04-8604-4d4f-bd64-ae6ebca1fd06
Memória 4gb Ddr4 Fury Hyperx;119;Usado;https://lista.mercadolivre.com.br/_CustId_93757736?item_id=MLB3170869683&category_id=MLB1694&seller_id=93757736&client=recoview-selleritems&recos_listing=true#origin=vip&component=sellerData&typeSeller=classic;null;HyperX;Hyperx;TESTE;https://produto.mercadolivre.com.br/MLB-3170869683-memoria-4gb-ddr4-fury-hyperx-_JM#position=17&search_layout=grid&type=item&tracking_id=5ab0bb04-8604-4d4f-bd64-ae6ebca1fd06
Memória Kingston Hyperx Predator Ddr4 32gb 2666mhz C L 15;789;Usado  |  1 vendido;null;null;HyperX;HX436C18PB3/32;TESTE;https://produto.mercadolivre.com.br/MLB-2623366945-memoria-kingston-hyperx-predator-ddr4-32gb-2666mhz-c-l-15-_JM#position=18&search_layout=grid&type=item&tracking_id=5ab0bb04-8604-4d4f-bd64-ae6ebca1fd06
Memória Kingston Hyperx Fury 8gb 2400mhz Ddr4 Cl15 Black;266;Novo;https://loja.mercadolivre.com.br/olist?item_id=MLB3500451898&category_id=MLB1694&official_store_id=866&client=recoview-selleritems&recos_listing=true#origin=vip&component=sellerData&typeSeller=official_store;null;HyperX;HX432C16FB3/32;TESTE;https://produto.mercadolivre.com.br/MLB-3500451898-memoria-kingston-hyperx-fury-8gb-2400mhz-ddr4-cl15-black-_JM#position=19&search_layout=grid&type=item&tracking_id=5ab0bb04-8604-4d4f-bd64-ae6ebca1fd06
Memória 8gb Note Hyperx Kingston Ddr4 2666 Hx426s15ib2/8;265;Novo;https://loja.mercadolivre.com.br/olist?item_id=MLB2791251267&category_id=MLB1694&official_store_id=866&client=recoview-selleritems&recos_listing=true#origin=vip&component=sellerData&typeSeller=official_store;null;HyperX;HX426S15IB2/8;TESTE;https://produto.mercadolivre.com.br/MLB-2791251267-memoria-8gb-note-hyperx-kingston-ddr4-2666-hx426s15ib28-_JM#position=20&search_layout=grid&type=item&tracking_id=5ab0bb04-8604-4d4f-bd64-ae6ebca1fd06
Memória 8gb Note Hyperx Kingston Ddr4 2666 Hx426s15ib2/8;266;Novo  |  1 vendido;https://loja.mercadolivre.com.br/olist?item_id=MLB2649056550&category_id=MLB1694&official_store_id=866&client=recoview-selleritems&recos_listing=true#origin=vip&component=sellerData&typeSeller=official_store;null;HyperX;HX426S15IB2/8;TESTE;https://produto.mercadolivre.com.br/MLB-2649056550-memoria-8gb-note-hyperx-kingston-ddr4-2666-hx426s15ib28-_JM#position=21&search_layout=grid&type=item&tracking_id=5ab0bb04-8604-4d4f-bd64-ae6ebca1fd06
Memória 8gb Note Hyperx Kingston Ddr4 2666 Hx426s15ib2/8;265;Novo;https://loja.mercadolivre.com.br/olist?item_id=MLB2649063398&category_id=MLB1694&official_store_id=866&client=recoview-selleritems&recos_listing=true#origin=vip&component=sellerData&typeSeller=official_store;null;HyperX;HX426S15IB2/8;TESTE;https://produto.mercadolivre.com.br/MLB-2649063398-memoria-8gb-note-hyperx-kingston-ddr4-2666-hx426s15ib28-_JM#position=22&search_layout=grid&type=item&tracking_id=5ab0bb04-8604-4d4f-bd64-ae6ebca1fd06
Memória 8gb Note Hyperx Kingston Ddr4 2666 Hx426s15ib2/8;266;Novo  |  1 vendido;https://loja.mercadolivre.com.br/olist?item_id=MLB2125960826&category_id=MLB1694&official_store_id=866&client=recoview-selleritems&recos_listing=true#origin=vip&component=sellerData&typeSeller=official_store;null;HyperX;HX426S15IB2/8;TESTE;https://produto.mercadolivre.com.br/MLB-2125960826-memoria-8gb-note-hyperx-kingston-ddr4-2666-hx426s15ib28-_JM#position=23&search_layout=grid&type=item&tracking_id=5ab0bb04-8604-4d4f-bd64-ae6ebca1fd06
Memória 8gb Note Hyperx Kingston Ddr4 2666 Hx426s15ib2/8;265;Novo  |  1 vendido;https://loja.mercadolivre.com.br/olist?item_id=MLB2101543855&category_id=MLB1694&official_store_id=866&client=recoview-selleritems&recos_listing=true#origin=vip&component=sellerData&typeSeller=official_store;null;HyperX;HX426S15IB2/8;TESTE;https://produto.mercadolivre.com.br/MLB-2101543855-memoria-8gb-note-hyperx-kingston-ddr4-2666-hx426s15ib28-_JM#position=24&search_layout=grid&type=item&tracking_id=5ab0bb04-8604-4d4f-bd64-ae6ebca1fd06
